,sampleId,sampleName,species,projectName,nucleicAcid,sampleWell,i7IndexId,index,i5IndexId,index2,date
0,011017_01,1,,CooperLabCBT,DNA,A01,N701,TAAGGCGA,N517,TCTTACGC,2017-01-10
1,011017_02,3,,CooperLabCBT,DNA,A02,N702,CGTACTAG,N517,TCTTACGC,2017-01-10
2,011017_03,4,,CooperLabCBT,DNA,A03,N703,AGGCAGAA,N517,TCTTACGC,2017-01-10
3,011017_04,5,,CooperLabCBT,DNA,A04,N704,TCCTGAGC,N517,TCTTACGC,2017-01-10
4,011017_05,6,,CooperLabCBT,DNA,A05,N705,GGACTCCT,N517,TCTTACGC,2017-01-10
5,011017_06,7,,CooperLabCBT,DNA,A06,N706,TAGGCATG,N517,TCTTACGC,2017-01-10
6,011017_07,8,,CooperLabCBT,DNA,A07,N707,CTCTCTAC,N517,TCTTACGC,2017-01-10
7,011017_08,9,,CooperLabCBT,DNA,A08,N708,CAGAGAGG,N517,TCTTACGC,2017-01-10
8,011017_09,10,,CooperLabCBT,DNA,A09,N709,GCTACGCT,N517,TCTTACGC,2017-01-10
9,011017_10,11,,CooperLabCBT,DNA,A10,N710,CGAGGCTG,N517,TCTTACGC,2017-01-10
10,011017_11,12,,CooperLabCBT,DNA,A11,N711,AAGAGGCA,N517,TCTTACGC,2017-01-10
11,011017_12,13,,CooperLabCBT,DNA,A12,N712,GTAGAGGA,N517,TCTTACGC,2017-01-10
12,011017_13,14,,CooperLabCBT,DNA,B01,N701,TAAGGCGA,N502,ATAGAGAG,2017-01-10
13,011017_14,15,,CooperLabCBT,DNA,B02,N702,CGTACTAG,N502,ATAGAGAG,2017-01-10
14,011017_15,16,,CooperLabCBT,DNA,B03,N703,AGGCAGAA,N502,ATAGAGAG,2017-01-10
15,011017_16,17,,CooperLabCBT,DNA,B04,N704,TCCTGAGC,N502,ATAGAGAG,2017-01-10
16,011017_17,18,,CooperLabCBT,DNA,B05,N705,GGACTCCT,N502,ATAGAGAG,2017-01-10
17,011017_18,19,,CooperLabCBT,DNA,B06,N706,TAGGCATG,N502,ATAGAGAG,2017-01-10
18,011017_19,20,,CooperLabCBT,DNA,B07,N707,CTCTCTAC,N502,ATAGAGAG,2017-01-10
19,011017_20,21,,CooperLabCBT,DNA,B08,N708,CAGAGAGG,N502,ATAGAGAG,2017-01-10
20,011017_21,22,,CooperLabCBT,DNA,B09,N709,GCTACGCT,N502,ATAGAGAG,2017-01-10
21,011017_22,23,,CooperLabCBT,DNA,B10,N710,CGAGGCTG,N502,ATAGAGAG,2017-01-10
22,011017_23,24,,CooperLabCBT,DNA,B11,N711,AAGAGGCA,N502,ATAGAGAG,2017-01-10
23,011017_24,25,,CooperLabCBT,DNA,B12,N712,GTAGAGGA,N502,ATAGAGAG,2017-01-10
24,011017_25,26,,CooperLabCBT,DNA,C01,N701,TAAGGCGA,N503,AGAGGATA,2017-01-10
25,011017_26,27,,CooperLabCBT,DNA,C02,N702,CGTACTAG,N503,AGAGGATA,2017-01-10
26,011017_27,28,,CooperLabCBT,DNA,C03,N703,AGGCAGAA,N503,AGAGGATA,2017-01-10
27,011017_28,29,,CooperLabCBT,DNA,C04,N704,TCCTGAGC,N503,AGAGGATA,2017-01-10
28,011017_29,30,,CooperLabCBT,DNA,C05,N705,GGACTCCT,N503,AGAGGATA,2017-01-10
29,011017_30,CBT841,,CooperLabCBT,DNA,C06,N706,TAGGCATG,N503,AGAGGATA,2017-01-10
30,011017_31,CBT842,,CooperLabCBT,DNA,C07,N707,CTCTCTAC,N503,AGAGGATA,2017-01-10
31,011017_32,CBT843,,CooperLabCBT,DNA,C08,N708,CAGAGAGG,N503,AGAGGATA,2017-01-10
32,011017_33,CBT844,,CooperLabCBT,DNA,C09,N709,GCTACGCT,N503,AGAGGATA,2017-01-10
33,011017_34,CBT845,,CooperLabCBT,DNA,C10,N710,CGAGGCTG,N503,AGAGGATA,2017-01-10
34,011017_35,CBT846,,CooperLabCBT,DNA,C11,N711,AAGAGGCA,N503,AGAGGATA,2017-01-10
35,011017_36,CBT847,,CooperLabCBT,DNA,C12,N712,GTAGAGGA,N503,AGAGGATA,2017-01-10
36,011017_37,CBT848,,CooperLabCBT,DNA,D01,N701,TAAGGCGA,N504,TCTACTCT,2017-01-10
37,011017_38,CBT849,,CooperLabCBT,DNA,D02,N702,CGTACTAG,N504,TCTACTCT,2017-01-10
38,011017_39,CBT850,,CooperLabCBT,DNA,D03,N703,AGGCAGAA,N504,TCTACTCT,2017-01-10
39,011017_40,CBT851,,CooperLabCBT,DNA,D04,N704,TCCTGAGC,N504,TCTACTCT,2017-01-10
40,011017_41,CBT852,,CooperLabCBT,DNA,D05,N705,GGACTCCT,N504,TCTACTCT,2017-01-10
41,011017_42,CBT853,,CooperLabCBT,DNA,D06,N706,TAGGCATG,N504,TCTACTCT,2017-01-10
42,011017_43,CBT854,,CooperLabCBT,DNA,D07,N707,CTCTCTAC,N504,TCTACTCT,2017-01-10
43,011017_44,CBT855,,CooperLabCBT,DNA,D08,N708,CAGAGAGG,N504,TCTACTCT,2017-01-10
44,011017_45,CBT856,,CooperLabCBT,DNA,D09,N709,GCTACGCT,N504,TCTACTCT,2017-01-10
45,011017_46,CBT857,,CooperLabCBT,DNA,D10,N710,CGAGGCTG,N504,TCTACTCT,2017-01-10
46,011017_47,CBT858,,CooperLabCBT,DNA,D11,N711,AAGAGGCA,N504,TCTACTCT,2017-01-10
47,011017_48,CBT859,,CooperLabCBT,DNA,D12,N712,GTAGAGGA,N504,TCTACTCT,2017-01-10
48,011017_49,CBT860,,CooperLabCBT,DNA,E1,N701,TAAGGCGA,N505,CTCCTTAC,2017-01-10
49,011017_50,CBT861,,CooperLabCBT,DNA,E2,N702,CGTACTAG,N505,CTCCTTAC,2017-01-10
50,011017_51,CBT862,,CooperLabCBT,DNA,E3,N703,AGGCAGAA,N505,CTCCTTAC,2017-01-10
51,011017_52,CBT863,,CooperLabCBT,DNA,E4,N704,TCCTGAGC,N505,CTCCTTAC,2017-01-10
52,011017_53,CBT864,,CooperLabCBT,DNA,E5,N705,GGACTCCT,N505,CTCCTTAC,2017-01-10
53,011017_54,CBT865,,CooperLabCBT,DNA,E6,N706,TAGGCATG,N505,CTCCTTAC,2017-01-10
54,011017_55,CBT866,,CooperLabCBT,DNA,E7,N707,CTCTCTAC,N505,CTCCTTAC,2017-01-10
55,011017_56,CBT867,,CooperLabCBT,DNA,E8,N708,CAGAGAGG,N505,CTCCTTAC,2017-01-10
56,011017_57,CBT868,,CooperLabCBT,DNA,E9,N709,GCTACGCT,N505,CTCCTTAC,2017-01-10
57,011017_58,CBT869,,CooperLabCBT,DNA,E10,N710,CGAGGCTG,N505,CTCCTTAC,2017-01-10
58,011017_59,CBT870,,CooperLabCBT,DNA,E11,N711,AAGAGGCA,N505,CTCCTTAC,2017-01-10
59,011017_60,CBT871,,CooperLabCBT,DNA,E12,N712,GTAGAGGA,N505,CTCCTTAC,2017-01-10
60,011017_61,CBT872,,CooperLabCBT,DNA,F1,N701,TAAGGCGA,N506,TATGCAGT,2017-01-10
61,011017_62,CBT873,,CooperLabCBT,DNA,F2,N702,CGTACTAG,N506,TATGCAGT,2017-01-10
62,011017_63,CBT874,,CooperLabCBT,DNA,F3,N703,AGGCAGAA,N506,TATGCAGT,2017-01-10
63,011017_64,CBT875,,CooperLabCBT,DNA,F4,N704,TCCTGAGC,N506,TATGCAGT,2017-01-10
64,011017_65,CBT876,,CooperLabCBT,DNA,F5,N705,GGACTCCT,N506,TATGCAGT,2017-01-10
65,011017_66,CBT877,,CooperLabCBT,DNA,F6,N706,TAGGCATG,N506,TATGCAGT,2017-01-10
66,011017_67,CBT878,,CooperLabCBT,DNA,F7,N707,CTCTCTAC,N506,TATGCAGT,2017-01-10
67,011017_68,CBT879,,CooperLabCBT,DNA,F8,N708,CAGAGAGG,N506,TATGCAGT,2017-01-10
68,011017_69,CBT880,,CooperLabCBT,DNA,F9,N709,GCTACGCT,N506,TATGCAGT,2017-01-10
69,011017_70,CBT881,,CooperLabCBT,DNA,F10,N710,CGAGGCTG,N506,TATGCAGT,2017-01-10
70,011017_71,CBT882,,CooperLabCBT,DNA,F11,N711,AAGAGGCA,N506,TATGCAGT,2017-01-10
71,011017_72,CBT883,,CooperLabCBT,DNA,F12,N712,GTAGAGGA,N506,TATGCAGT,2017-01-10
72,011017_73,CBT884,,CooperLabCBT,DNA,G1,N701,TAAGGCGA,N507,TACTCCTT,2017-01-10
73,011017_74,CBT885,,CooperLabCBT,DNA,G2,N702,CGTACTAG,N507,TACTCCTT,2017-01-10
74,011017_75,CBT544,,CooperLabCBT,DNA,G3,N703,AGGCAGAA,N507,TACTCCTT,2017-01-10
75,011017_76,CBT546,,CooperLabCBT,DNA,G4,N704,TCCTGAGC,N507,TACTCCTT,2017-01-10
76,011017_77,CBT548,,CooperLabCBT,DNA,G5,N705,GGACTCCT,N507,TACTCCTT,2017-01-10
